Post ID,Media Type,Taken At,Caption,Likes,Comments,Thumbnail,Reach,Impressions,Saves,Shares,Engagement,Engagement Rate (%),Profile Views,Exits,Taps Forward,Taps Back,Replies,Follows,Thumbnail Local Path
3607039673818541949_1302815857,Reel,2025-04-09,We can‚Äôt wait to watch ArrDee perform live at this year‚Äôs Su...,281,0,,5435,7263,0,3,284,5.23,103,0,0,0,0,0,
3606224125715232165_1302815857,Post,2025-04-08,üé§ ArrDee is this years Headliner at Summer Ball 2025! üé∂ Plat...,341,8,https://scontent-lhr6-1.cdninstagram.com/v/t51.2885-15/489565570_18498315463031858_1609372522674263109_n.jpg?stp=dst-jpg_e35_p1080x1080_tt6&efg=eyJ2ZW5jb2RlX3RhZyI6IkZFRUQuaW1hZ2VfdXJsZ2VuLjEzNTB4MTY4Ny5zZHIuZjc1NzYxLmRlZmF1bHRfaW1hZ2UifQ&_nc_ht=scontent-lhr6-1.cdninstagram.com&_nc_cat=102&_nc_oc=Q6cZ2QELwexewydnirf1ZV27dZqvN4Jed3kILOdIAcQe9Cf9MAfj3WwfUO-1-zvRl7JX3D8&_nc_ohc=l2QjttIn584Q7kNvwF56uLG&_nc_gid=uiG62a8ZtU8gkVmfC8QJ-w&edm=ABmJApABAAAA&ccb=7-5&ig_cache_key=MzYwNjIyNDEyNTcxNTIzMjE2NQ%3D%3D.3-ccb7-5&oh=00_AfEtkd8vhrOAzJy4F3Vu9znFqUBCgqPmoP3Ofh-oig2Eaw&oe=67FEE504&_nc_sid=b41fef,6824,11264,0,23,372,5.45,173,0,0,0,0,0,https://raw.githubusercontent.com/ashraf-KSU/instagram-thumbnails/main/thumbnails/489565570_18498315463031858_1609372522674263109_n.jpg
3602766494413508860_8389046195,Carousel,2025-04-03,"ü•öTHE LAST VENSDAY OF TERM HIGHLIGHTS üê∞

What a way to end Te...",181,1,https://scontent-lhr6-2.cdninstagram.com/v/t51.2885-15/488019256_18265235773278196_7651645852336981599_n.jpg?stp=dst-jpg_e15_p360x360_tt6&efg=eyJ2ZW5jb2RlX3RhZyI6IkNMSVBTLmltYWdlX3VybGdlbi43MjB4MTI4MC5zZHIuZjc1NzYxLmRlZmF1bHRfY292ZXJfZnJhbWUifQ&_nc_ht=scontent-lhr6-2.cdninstagram.com&_nc_cat=104&_nc_oc=Q6cZ2QELwexewydnirf1ZV27dZqvN4Jed3kILOdIAcQe9Cf9MAfj3WwfUO-1-zvRl7JX3D8&_nc_ohc=JJubpoqjQIYQ7kNvwGVW5PA&_nc_gid=uiG62a8ZtU8gkVmfC8QJ-w&edm=ABmJApABAAAA&ccb=7-5&ig_cache_key=MzYwMjc2NjQ5NDQxMzUwODg2MA%3D%3D.3-ccb7-5&oh=00_AfEQrOoPyAlfd-irpy5KFoTeu23-wjABn_Gi1Otv7iKSPw&oe=67FEC002&_nc_sid=b41fef,3264,4413,0,2,184,5.64,50,0,0,0,0,0,https://raw.githubusercontent.com/ashraf-KSU/instagram-thumbnails/main/thumbnails/488019256_18265235773278196_7651645852336981599_n.jpg
3602615054797841240_8389046195,Post,2025-04-03,THIS SATURDAY!!! ü§© The ultimate EMO TRIBUTE NIGHT is coming ...,15,2,https://scontent-lhr6-2.cdninstagram.com/v/t51.2885-15/488007977_18265255000278196_7355517797460044709_n.jpg?se=7&stp=dst-jpg_e35_tt6&efg=eyJ2ZW5jb2RlX3RhZyI6IkZFRUQuaW1hZ2VfdXJsZ2VuLjEwMjR4MTAyNC5zZHIuZjc1NzYxLmRlZmF1bHRfaW1hZ2UifQ&_nc_ht=scontent-lhr6-2.cdninstagram.com&_nc_cat=104&_nc_oc=Q6cZ2QELwexewydnirf1ZV27dZqvN4Jed3kILOdIAcQe9Cf9MAfj3WwfUO-1-zvRl7JX3D8&_nc_ohc=khaWfu81gmQQ7kNvwGO7NJ-&_nc_gid=uiG62a8ZtU8gkVmfC8QJ-w&edm=ABmJApABAAAA&ccb=7-5&ig_cache_key=MzYwMjYxNTA1NDc5Nzg0MTI0MA%3D%3D.3-ccb7-5&oh=00_AfE40_55qqhQv-AnAm4sK1YUd_sBUBEII8gQiVXiWDkYqA&oe=67FEC638&_nc_sid=b41fef,1597,2136,0,1,18,1.13,4,0,0,0,0,0,https://raw.githubusercontent.com/ashraf-KSU/instagram-thumbnails/main/thumbnails/488007977_18265255000278196_7355517797460044709_n.jpg
3601830261587890395_1302815857,Carousel,2025-04-02,üéâüé° SUMMER BALL ANNOUNCEMENT! üé°üéâ GET YOUR TICKETS NOW! Link i...,262,13,https://scontent-lhr6-1.cdninstagram.com/v/t51.2885-15/488035255_18497043127031858_6780582591888409450_n.jpg?stp=dst-jpg_e15_p360x360_tt6&efg=eyJ2ZW5jb2RlX3RhZyI6IkNMSVBTLmltYWdlX3VybGdlbi4xMTc4eDIwOTYuc2RyLmY3NTc2MS5kZWZhdWx0X2NvdmVyX2ZyYW1lIn0&_nc_ht=scontent-lhr6-1.cdninstagram.com&_nc_cat=102&_nc_oc=Q6cZ2QELwexewydnirf1ZV27dZqvN4Jed3kILOdIAcQe9Cf9MAfj3WwfUO-1-zvRl7JX3D8&_nc_ohc=koIl7Z2zWaEQ7kNvwGRFu4o&_nc_gid=uiG62a8ZtU8gkVmfC8QJ-w&edm=ABmJApABAAAA&ccb=7-5&ig_cache_key=MzYwMTgzMDI2MTU4Nzg5MDM5NQ%3D%3D.3-ccb7-5&oh=00_AfHlrmH-gN9oC-RMlZR-nqfycjxgvgQu7ZiQ1NzCNKIKtQ&oe=67FEE3C6&_nc_sid=b41fef,4869,6050,0,0,275,5.65,71,0,0,0,0,0,https://raw.githubusercontent.com/ashraf-KSU/instagram-thumbnails/main/thumbnails/488035255_18497043127031858_6780582591888409450_n.jpg
3601140797551022991_8389046195,Reel,2025-04-01,THIS SATURDAY üñ§ The ultimate EMO TRIBUTE NIGHT is coming to ...,94,1,,1632,2401,0,0,95,5.82,21,0,0,0,0,0,
3599867011962781785_8389046195,Reel,2025-03-30,"VARSITY VENSDAY HighlightsüèÜ

WE ARE THE CHAMPIONS ONCE AGAIN...",377,0,,4112,5054,0,2,379,9.22,110,0,0,0,0,0,
3599716266009631692_8389046195,Post,2025-03-30,"üê∞ NEXT WEDNESDAY EASTER SEND OFF üê∞ LAST VENSDAY OF TERM

üê∞ E...",46,0,https://scontent-lhr6-2.cdninstagram.com/v/t51.2885-15/487430943_18264621991278196_2055029470917860633_n.jpg?se=7&stp=dst-jpg_e35_tt6&efg=eyJ2ZW5jb2RlX3RhZyI6IkZFRUQuaW1hZ2VfdXJsZ2VuLjEwMjR4MTAyNC5zZHIuZjc1NzYxLmRlZmF1bHRfaW1hZ2UifQ&_nc_ht=scontent-lhr6-2.cdninstagram.com&_nc_cat=104&_nc_oc=Q6cZ2QELwexewydnirf1ZV27dZqvN4Jed3kILOdIAcQe9Cf9MAfj3WwfUO-1-zvRl7JX3D8&_nc_ohc=S1Su0JB9RvEQ7kNvwG3kTMh&_nc_gid=uiG62a8ZtU8gkVmfC8QJ-w&edm=ABmJApABAAAA&ccb=7-5&ig_cache_key=MzU5OTcxNjI2NjAwOTYzMTY5Mg%3D%3D.3-ccb7-5&oh=00_AfF0FzMQ27FkkwhrKBcqr7Rn4mNuTyyTesAqsd-InZ8ohA&oe=67FED6F9&_nc_sid=b41fef,2071,4045,0,0,46,2.22,15,0,0,0,0,0,https://raw.githubusercontent.com/ashraf-KSU/instagram-thumbnails/main/thumbnails/487430943_18264621991278196_2055029470917860633_n.jpg
3598311761279918898_8389046195,Carousel,2025-03-28,Varsity win secured üèÜ The energy was insane this week‚ÄºÔ∏èHear ...,138,3,https://scontent-lhr6-2.cdninstagram.com/v/t51.2885-15/486673059_18264508183278196_5447785519790458939_n.jpg?stp=dst-jpg_e15_p360x360_tt6&efg=eyJ2ZW5jb2RlX3RhZyI6IkNMSVBTLmltYWdlX3VybGdlbi43MjB4MTI4MC5zZHIuZjc1NzYxLmRlZmF1bHRfY292ZXJfZnJhbWUifQ&_nc_ht=scontent-lhr6-2.cdninstagram.com&_nc_cat=104&_nc_oc=Q6cZ2QELwexewydnirf1ZV27dZqvN4Jed3kILOdIAcQe9Cf9MAfj3WwfUO-1-zvRl7JX3D8&_nc_ohc=I43yNM6iZTQQ7kNvwHhhSRa&_nc_gid=uiG62a8ZtU8gkVmfC8QJ-w&edm=ABmJApABAAAA&ccb=7-5&ig_cache_key=MzU5ODMxMTc2MTI3OTkxODg5OA%3D%3D.3-ccb7-5&oh=00_AfEtTc-oNbEVpPdozxp9X0po6ndzX_0kC_2_GpHBdC1WwQ&oe=67FEC353&_nc_sid=b41fef,2971,4115,0,3,144,4.85,61,0,0,0,0,0,https://raw.githubusercontent.com/ashraf-KSU/instagram-thumbnails/main/thumbnails/486673059_18264508183278196_5447785519790458939_n.jpg
3597617436078246649_8389046195,Carousel,2025-03-27,"üèÜ WE‚ÄôRE CHAMPIONS AGAIN¬†üèÜ

What a way to celebrate our wins ...",226,0,https://scontent-lhr6-2.cdninstagram.com/v/t51.2885-15/486964475_18264489634278196_7972361114494235617_n.jpg?stp=dst-jpg_e15_p360x360_tt6&efg=eyJ2ZW5jb2RlX3RhZyI6IkNMSVBTLmltYWdlX3VybGdlbi43MjB4MTI3OS5zZHIuZjc1NzYxLmRlZmF1bHRfY292ZXJfZnJhbWUifQ&_nc_ht=scontent-lhr6-2.cdninstagram.com&_nc_cat=104&_nc_oc=Q6cZ2QELwexewydnirf1ZV27dZqvN4Jed3kILOdIAcQe9Cf9MAfj3WwfUO-1-zvRl7JX3D8&_nc_ohc=-zEI-wSaQEsQ7kNvwGiBgjx&_nc_gid=uiG62a8ZtU8gkVmfC8QJ-w&edm=ABmJApABAAAA&ccb=7-5&ig_cache_key=MzU5NzYxNzQzNjA3ODI0NjY0OQ%3D%3D.3-ccb7-5&oh=00_AfH4dTYb1XKC8FCqgFDIr7t-QXr2u_W_cD_5PEdadQyByA&oe=67FEDC64&_nc_sid=b41fef,4259,5649,0,2,228,5.35,22,0,0,0,0,0,https://raw.githubusercontent.com/ashraf-KSU/instagram-thumbnails/main/thumbnails/486964475_18264489634278196_7972361114494235617_n.jpg
3596847368952226613_8389046195,Post,2025-03-26,"üèÜ THIS FRIDAY VARSITY CLOSING PARTY¬†üèÜ

Celebrate the end of ...",245,0,https://scontent-lhr6-2.cdninstagram.com/v/t51.2885-15/486087286_18264391108278196_3898813095124643774_n.jpg?stp=dst-jpg_e35_p1080x1080_tt6&efg=eyJ2ZW5jb2RlX3RhZyI6IkZFRUQuaW1hZ2VfdXJsZ2VuLjEzNTB4MTY4Ny5zZHIuZjc1NzYxLmRlZmF1bHRfaW1hZ2UifQ&_nc_ht=scontent-lhr6-2.cdninstagram.com&_nc_cat=104&_nc_oc=Q6cZ2QELwexewydnirf1ZV27dZqvN4Jed3kILOdIAcQe9Cf9MAfj3WwfUO-1-zvRl7JX3D8&_nc_ohc=me9wUGEWlhsQ7kNvwEkNJQq&_nc_gid=uiG62a8ZtU8gkVmfC8QJ-w&edm=ABmJApABAAAA&ccb=7-5&ig_cache_key=MzU5Njg0NzM2ODk1MjIyNjYxMw%3D%3D.3-ccb7-5&oh=00_AfEnGQMr1899ncnhkDpFsjipmsZWNV07AGB5RNfkWkjYsw&oe=67FEBED3&_nc_sid=b41fef,5529,9882,0,22,267,4.83,36,0,0,0,0,0,https://raw.githubusercontent.com/ashraf-KSU/instagram-thumbnails/main/thumbnails/486087286_18264391108278196_3898813095124643774_n.jpg
3594808666012886769_8389046195,Carousel,2025-03-25,Have you tried The Champions Blend yet? ü§© also available at ...,81,0,https://scontent-lhr6-2.cdninstagram.com/v/t51.2885-15/485973085_18263766715278196_3901061501242288793_n.jpg?stp=dst-jpg_e15_p360x360_tt6&efg=eyJ2ZW5jb2RlX3RhZyI6IkNMSVBTLmltYWdlX3VybGdlbi43MjB4MTI4MC5zZHIuZjc1NzYxLmRlZmF1bHRfY292ZXJfZnJhbWUifQ&_nc_ht=scontent-lhr6-2.cdninstagram.com&_nc_cat=104&_nc_oc=Q6cZ2QELwexewydnirf1ZV27dZqvN4Jed3kILOdIAcQe9Cf9MAfj3WwfUO-1-zvRl7JX3D8&_nc_ohc=LpyGoIvteg0Q7kNvwHXz0OM&_nc_gid=uiG62a8ZtU8gkVmfC8QJ-w&edm=ABmJApABAAAA&ccb=7-5&ig_cache_key=MzU5NDgwODY2NjAxMjg4Njc2OQ%3D%3D.3-ccb7-5&oh=00_AfFkv_j4mFzGKfmZjhiJ9Nutrf66lrn7ALnxDMQ8nSANjA&oe=67FED531&_nc_sid=b41fef,2723,4083,0,1,82,3.01,18,0,0,0,0,0,https://raw.githubusercontent.com/ashraf-KSU/instagram-thumbnails/main/thumbnails/485973085_18263766715278196_3901061501242288793_n.jpg
3595337244534343516_8389046195,Post,2025-03-24,"üèÜ THIS WEDNESDAY GET READY FOR VARSITY VENSDAY üèÜ

üèÜ Varsity ...",62,1,https://scontent-lhr6-2.cdninstagram.com/v/t51.2885-15/486650423_18264185857278196_6769063728414987210_n.jpg?se=7&stp=dst-jpg_e35_tt6&efg=eyJ2ZW5jb2RlX3RhZyI6IkZFRUQuaW1hZ2VfdXJsZ2VuLjEwMjR4MTAyNC5zZHIuZjc1NzYxLmRlZmF1bHRfaW1hZ2UifQ&_nc_ht=scontent-lhr6-2.cdninstagram.com&_nc_cat=104&_nc_oc=Q6cZ2QF7jn2zBA_yx5fbQlS3RRpoDCsp0y3a497tMbHrrP2KUEjLv7QP76jgz5ENwceRWME&_nc_ohc=pOLUHE5rQrUQ7kNvwGC7CYC&_nc_gid=Z6aBidNE6UdHzPblKvrHaQ&edm=ABmJApABAAAA&ccb=7-5&ig_cache_key=MzU5NTMzNzI0NDUzNDM0MzUxNg%3D%3D.3-ccb7-5&oh=00_AfGuUOnlr1pZTzoQpinPNDQ7L8hhej4xMyV2jDagrhJw6A&oe=67FEDBA4&_nc_sid=b41fef,1770,2062,0,3,66,3.73,34,0,0,0,0,0,https://raw.githubusercontent.com/ashraf-KSU/instagram-thumbnails/main/thumbnails/486650423_18264185857278196_6769063728414987210_n.jpg
3592649779964870983_8389046195,Carousel,2025-03-23,Try the Varsity Champions Blend drink throughout Varsity wee...,107,1,https://scontent-lhr6-2.cdninstagram.com/v/t51.2885-15/484620090_18263766490278196_3731397921058380375_n.jpg?stp=dst-jpg_e15_p360x360_tt6&efg=eyJ2ZW5jb2RlX3RhZyI6IkNMSVBTLmltYWdlX3VybGdlbi43MjB4MTI4MC5zZHIuZjc1NzYxLmRlZmF1bHRfY292ZXJfZnJhbWUifQ&_nc_ht=scontent-lhr6-2.cdninstagram.com&_nc_cat=104&_nc_oc=Q6cZ2QF7jn2zBA_yx5fbQlS3RRpoDCsp0y3a497tMbHrrP2KUEjLv7QP76jgz5ENwceRWME&_nc_ohc=VIMOWOuwU-8Q7kNvwHMt-XO&_nc_gid=Z6aBidNE6UdHzPblKvrHaQ&edm=ABmJApABAAAA&ccb=7-5&ig_cache_key=MzU5MjY0OTc3OTk2NDg3MDk4Mw%3D%3D.3-ccb7-5&oh=00_AfEUgDxfj2rT6Faev_4v1jyaHTA0aW7rLXtpqXHvx8BzGQ&oe=67FEF0AB&_nc_sid=b41fef,3264,4542,0,1,109,3.34,66,0,0,0,0,0,https://raw.githubusercontent.com/ashraf-KSU/instagram-thumbnails/main/thumbnails/484620090_18263766490278196_3731397921058380375_n.jpg
3592649382118322167_8389046195,Carousel,2025-03-20,"VENSDAY highlights ü§© huge shoutout to @crazyhands.ukc ü´∂

üèÜ G...",89,4,https://scontent-lhr6-2.cdninstagram.com/v/t51.2885-15/485112852_18263767714278196_9185073815755901403_n.jpg?stp=dst-jpg_e15_p360x360_tt6&efg=eyJ2ZW5jb2RlX3RhZyI6IkNMSVBTLmltYWdlX3VybGdlbi4xMTc5eDIwOTYuc2RyLmY3NTc2MS5kZWZhdWx0X2NvdmVyX2ZyYW1lIn0&_nc_ht=scontent-lhr6-2.cdninstagram.com&_nc_cat=104&_nc_oc=Q6cZ2QF7jn2zBA_yx5fbQlS3RRpoDCsp0y3a497tMbHrrP2KUEjLv7QP76jgz5ENwceRWME&_nc_ohc=IMuZ5zHUiRUQ7kNvwFheo5a&_nc_gid=Z6aBidNE6UdHzPblKvrHaQ&edm=ABmJApABAAAA&ccb=7-5&ig_cache_key=MzU5MjY0OTM4MjExODMyMjE2Nw%3D%3D.3-ccb7-5&oh=00_AfFVc14W2gEr6B1_h8lK28MQIdJZLwUS8nRrJrZMTDPo7g&oe=67FEDF45&_nc_sid=b41fef,2573,2773,0,0,93,3.61,11,0,0,0,0,0,https://raw.githubusercontent.com/ashraf-KSU/instagram-thumbnails/main/thumbnails/485112852_18263767714278196_9185073815755901403_n.jpg
3592626769660884152_8389046195,Post,2025-03-20,"üèÜ VARSITY CLOSING PARTY¬†üèÜ

Celebrate the end of Varsity 2025...",121,0,https://scontent-lhr6-2.cdninstagram.com/v/t51.2885-15/485014804_18263799112278196_5782057131926503332_n.jpg?se=7&stp=dst-jpg_e35_tt6&efg=eyJ2ZW5jb2RlX3RhZyI6IkZFRUQuaW1hZ2VfdXJsZ2VuLjEwMjR4MTAyNC5zZHIuZjc1NzYxLmRlZmF1bHRfaW1hZ2UifQ&_nc_ht=scontent-lhr6-2.cdninstagram.com&_nc_cat=104&_nc_oc=Q6cZ2QF7jn2zBA_yx5fbQlS3RRpoDCsp0y3a497tMbHrrP2KUEjLv7QP76jgz5ENwceRWME&_nc_ohc=nOYHAI6segYQ7kNvwGPx7hY&_nc_gid=Z6aBidNE6UdHzPblKvrHaQ&edm=ABmJApABAAAA&ccb=7-5&ig_cache_key=MzU5MjYyNjc2OTY2MDg4NDE1Mg%3D%3D.3-ccb7-5&oh=00_AfFAjD36gRwH07CxcNletFY08haJ6g43y1BenZiUIPXsWw&oe=67FEC826&_nc_sid=b41fef,3482,5375,0,18,139,3.99,51,0,0,0,0,0,https://raw.githubusercontent.com/ashraf-KSU/instagram-thumbnails/main/thumbnails/485014804_18263799112278196_5782057131926503332_n.jpg
3592498668301810341_8389046195,Post,2025-03-20,"The ultimate EMO TRIBUTE NIGHT is coming to Canterbury üñ§

Di...",54,0,https://scontent-lhr6-2.cdninstagram.com/v/t51.2885-15/484882724_18263689486278196_6544563658216911616_n.jpg?se=7&stp=dst-jpg_e35_tt6&efg=eyJ2ZW5jb2RlX3RhZyI6IkZFRUQuaW1hZ2VfdXJsZ2VuLjEwMjR4MTAyNC5zZHIuZjc1NzYxLmRlZmF1bHRfaW1hZ2UifQ&_nc_ht=scontent-lhr6-2.cdninstagram.com&_nc_cat=104&_nc_oc=Q6cZ2QF7jn2zBA_yx5fbQlS3RRpoDCsp0y3a497tMbHrrP2KUEjLv7QP76jgz5ENwceRWME&_nc_ohc=nOFC0WcW7xIQ7kNvwHehWlp&_nc_gid=Z6aBidNE6UdHzPblKvrHaQ&edm=ABmJApABAAAA&ccb=7-5&ig_cache_key=MzU5MjQ5ODY2ODMwMTgxMDM0MQ%3D%3D.3-ccb7-5&oh=00_AfHaM3QCrjgjlwHQbRxsqfV75JjzWeP2xYP5Lb19ddATHA&oe=67FEDCFA&_nc_sid=b41fef,2605,4350,0,1,55,2.11,12,0,0,0,0,0,https://raw.githubusercontent.com/ashraf-KSU/instagram-thumbnails/main/thumbnails/484882724_18263689486278196_6544563658216911616_n.jpg
3591789131701875309_8389046195,Reel,2025-03-19,VARSITY COUNTDOWN IS ON! Unleash the champion within üèÜüçπ Our ...,59,0,,2027,3584,0,3,62,3.06,8,0,0,0,0,0,
3591214001170787609_8389046195,Reel,2025-03-18,"Become a WORLD RECORD HOLDER at Vensday tomorrow night üèÜ‚òòÔ∏è

...",162,1,,3636,5943,0,2,165,4.54,10,0,0,0,0,0,
3591174860243638925_59579550046,Post,2025-03-18,"TICKETS ON SALE NOW üå∂Ô∏è

We‚Äôre already down to the FINAL 20 ¬£...",33,3,https://scontent-lhr8-1.cdninstagram.com/v/t51.2885-15/485039572_17940244598990047_1207515166454679167_n.jpg?stp=dst-jpg_e35_p1080x1080_tt6&efg=eyJ2ZW5jb2RlX3RhZyI6IkZFRUQuaW1hZ2VfdXJsZ2VuLjE0NDB4MTgwMC5zZHIuZjc1NzYxLmRlZmF1bHRfaW1hZ2UifQ&_nc_ht=scontent-lhr8-1.cdninstagram.com&_nc_cat=107&_nc_oc=Q6cZ2QF7jn2zBA_yx5fbQlS3RRpoDCsp0y3a497tMbHrrP2KUEjLv7QP76jgz5ENwceRWME&_nc_ohc=LJ8lkhQI6BgQ7kNvwEJ_bTc&_nc_gid=Z6aBidNE6UdHzPblKvrHaQ&edm=ABmJApABAAAA&ccb=7-5&ig_cache_key=MzU5MTE3NDg2MDI0MzYzODkyNQ%3D%3D.3-ccb7-5&oh=00_AfEp7MR2GJ32RD2ELKqJm--Ul2nPdeKfvQ2fgHDbl_5aOA&oe=67FED39D&_nc_sid=b41fef,2132,2348,0,6,42,1.97,3,0,0,0,0,0,https://raw.githubusercontent.com/ashraf-KSU/instagram-thumbnails/main/thumbnails/485039572_17940244598990047_1207515166454679167_n.jpg
3590475203025615920_8389046195,Reel,2025-03-17,THIS FRIDAY! Calling all Dancing Queen‚Äôs üíÉ The ultimate ABBA...,114,0,,2738,4803,0,2,116,4.24,46,0,0,0,0,0,
3590426140767084884_12582325787,Reel,2025-03-17,This Saturday! We touchdown @venuekent for this stacked line...,33,9,,1436,1789,0,8,50,3.48,6,0,0,0,0,0,
3589784593321976107_59579550046,Carousel,2025-03-16,VIBESSS with @enzoisburning üîã Did you miss out? We return to...,30,0,https://scontent-lhr8-1.cdninstagram.com/v/t51.2885-15/484944519_17940029693990047_7916307176346111915_n.jpg?stp=dst-jpg_e15_p360x360_tt6&efg=eyJ2ZW5jb2RlX3RhZyI6IkNMSVBTLmltYWdlX3VybGdlbi43MjB4MTI4MC5zZHIuZjc1NzYxLmRlZmF1bHRfY292ZXJfZnJhbWUifQ&_nc_ht=scontent-lhr8-1.cdninstagram.com&_nc_cat=107&_nc_oc=Q6cZ2QF7jn2zBA_yx5fbQlS3RRpoDCsp0y3a497tMbHrrP2KUEjLv7QP76jgz5ENwceRWME&_nc_ohc=t1AzC0_IUcUQ7kNvwFSDcS_&_nc_gid=Z6aBidNE6UdHzPblKvrHaQ&edm=ABmJApABAAAA&ccb=7-5&ig_cache_key=MzU4OTc4NDU5MzMyMTk3NjEwNw%3D%3D.3-ccb7-5&oh=00_AfEZ-_IgEPJ2Pn8RhMl1q3e6MYWSM6S_k5dBHAUHE5NjsA&oe=67FEEF83&_nc_sid=b41fef,1155,1404,0,3,33,2.86,3,0,0,0,0,0,https://raw.githubusercontent.com/ashraf-KSU/instagram-thumbnails/main/thumbnails/484944519_17940029693990047_7916307176346111915_n.jpg
3589750659700874654_8389046195,Carousel,2025-03-16,Rep Your Team Fit Checks ü§©‚ÄºÔ∏èYou guys showed up and showed ou...,183,0,https://scontent-lhr6-2.cdninstagram.com/v/t51.2885-15/484346023_18263020426278196_5540785567713328532_n.jpg?stp=dst-jpg_e15_p360x360_tt6&efg=eyJ2ZW5jb2RlX3RhZyI6IkNMSVBTLmltYWdlX3VybGdlbi43MjB4MTI4MC5zZHIuZjc1NzYxLmRlZmF1bHRfY292ZXJfZnJhbWUifQ&_nc_ht=scontent-lhr6-2.cdninstagram.com&_nc_cat=104&_nc_oc=Q6cZ2QF7jn2zBA_yx5fbQlS3RRpoDCsp0y3a497tMbHrrP2KUEjLv7QP76jgz5ENwceRWME&_nc_ohc=kOk6-b7ZTAsQ7kNvwGjgyLh&_nc_gid=Z6aBidNE6UdHzPblKvrHaQ&edm=ABmJApABAAAA&ccb=7-5&ig_cache_key=MzU4OTc1MDY1OTcwMDg3NDY1NA%3D%3D.3-ccb7-5&oh=00_AfGluNpdx3pTSO6wT9yCQZC8r0JD63BZqI-dzKSf_OekBQ&oe=67FEC3EF&_nc_sid=b41fef,5784,6039,0,0,183,3.16,101,0,0,0,0,0,https://raw.githubusercontent.com/ashraf-KSU/instagram-thumbnails/main/thumbnails/484346023_18263020426278196_5540785567713328532_n.jpg
3589735377225856363_8389046195,Post,2025-03-16,"NEXT WEEK ‚òòÔ∏è ST PADDY‚ÄôS SPECIAL¬†‚òòÔ∏è
‚Ä®üèÜ GUINNESS WORLD RECORD ...",61,3,https://scontent-lhr6-2.cdninstagram.com/v/t51.2885-15/483848105_18262983772278196_1702696648622669163_n.jpg?se=7&stp=dst-jpg_e35_tt6&efg=eyJ2ZW5jb2RlX3RhZyI6IkZFRUQuaW1hZ2VfdXJsZ2VuLjEwMjR4MTAyNC5zZHIuZjc1NzYxLmRlZmF1bHRfaW1hZ2UifQ&_nc_ht=scontent-lhr6-2.cdninstagram.com&_nc_cat=104&_nc_oc=Q6cZ2QHcPcWTyq1RckbZgjACJWpR-t0aKEVoqvojZUc_RYJavnZecJZzUMMLj3_E3BAYbS8&_nc_ohc=mM6oe69Zm4AQ7kNvwEooFFG&_nc_gid=NyGwFZTIoxAop9k5-1q6LQ&edm=ABmJApABAAAA&ccb=7-5&ig_cache_key=MzU4OTczNTM3NzIyNTg1NjM2Mw%3D%3D.3-ccb7-5&oh=00_AfF-82XZFnFsyxscYKhVCGLNed3BGQ4DBeqq5wblo4ZWGg&oe=67FEEE1F&_nc_sid=b41fef,2210,3292,0,2,66,2.99,11,0,0,0,0,0,https://raw.githubusercontent.com/ashraf-KSU/instagram-thumbnails/main/thumbnails/483848105_18262983772278196_1702696648622669163_n.jpg
3588301009680607804_8389046195,Reel,2025-03-14,"VENSDAY Rep your team highlights üíö‚öΩÔ∏è

What a night ü§© see you...",262,0,,3381,4364,0,1,263,7.78,125,0,0,0,0,0,
3587485436545850716_1302815857,Carousel,2025-03-14,"Guess the song from the intro!ü´£‚ú®

Love live music? Summer Ba...",337,1,https://scontent-lhr6-1.cdninstagram.com/v/t51.2885-15/484576705_18492442750031858_6752401411038166208_n.jpg?stp=dst-jpg_e15_p360x360_tt6&efg=eyJ2ZW5jb2RlX3RhZyI6IkNMSVBTLmltYWdlX3VybGdlbi43MjB4MTI4MC5zZHIuZjc1NzYxLmRlZmF1bHRfY292ZXJfZnJhbWUifQ&_nc_ht=scontent-lhr6-1.cdninstagram.com&_nc_cat=102&_nc_oc=Q6cZ2QHcPcWTyq1RckbZgjACJWpR-t0aKEVoqvojZUc_RYJavnZecJZzUMMLj3_E3BAYbS8&_nc_ohc=oMmwQsvXwDIQ7kNvwEBsDCz&_nc_gid=NyGwFZTIoxAop9k5-1q6LQ&edm=ABmJApABAAAA&ccb=7-5&ig_cache_key=MzU4NzQ4NTQzNjU0NTg1MDcxNg%3D%3D.3-ccb7-5&oh=00_AfEeqHifQ-hdd2zDepFyzHaTztB7Cvc7bbDEhL0g4u4ZiA&oe=67FED5BA&_nc_sid=b41fef,6298,6958,0,2,340,5.4,71,0,0,0,0,0,https://raw.githubusercontent.com/ashraf-KSU/instagram-thumbnails/main/thumbnails/484576705_18492442750031858_6752401411038166208_n.jpg
3587576073366492759_8389046195,Carousel,2025-03-13,"VENSDAY Rep your team highlights ü§©

What a night ü§£ Hilarious...",114,0,https://scontent-lhr6-2.cdninstagram.com/v/t51.2885-15/483742525_18262983667278196_1741747523539861336_n.jpg?stp=dst-jpg_e15_p360x360_tt6&efg=eyJ2ZW5jb2RlX3RhZyI6IkNMSVBTLmltYWdlX3VybGdlbi4xMTc5eDIwOTYuc2RyLmY3NTc2MS5kZWZhdWx0X2NvdmVyX2ZyYW1lIn0&_nc_ht=scontent-lhr6-2.cdninstagram.com&_nc_cat=104&_nc_oc=Q6cZ2QHcPcWTyq1RckbZgjACJWpR-t0aKEVoqvojZUc_RYJavnZecJZzUMMLj3_E3BAYbS8&_nc_ohc=hnZEzr8gtcEQ7kNvwGp25ri&_nc_gid=NyGwFZTIoxAop9k5-1q6LQ&edm=ABmJApABAAAA&ccb=7-5&ig_cache_key=MzU4NzU3NjA3MzM2NjQ5Mjc1OQ%3D%3D.3-ccb7-5&oh=00_AfFl0rrsb3iSfAAKHiiS6g0fsl1nV4R4-m6x8zy0G8Lh1g&oe=67FED3C3&_nc_sid=b41fef,2379,3493,0,0,114,4.79,60,0,0,0,0,0,https://raw.githubusercontent.com/ashraf-KSU/instagram-thumbnails/main/thumbnails/483742525_18262983667278196_1741747523539861336_n.jpg
3587565913074914111_59579550046,Post,2025-03-13,"COMPETITION üå∂Ô∏è FULL LINE-UP ANNOUNCEMENT

We‚Äôve invited down...",90,62,https://scontent-lhr8-1.cdninstagram.com/v/t51.2885-15/484052428_17939649818990047_6398557854501164666_n.jpg?stp=dst-jpg_e35_p1080x1080_tt6&efg=eyJ2ZW5jb2RlX3RhZyI6IkZFRUQuaW1hZ2VfdXJsZ2VuLjE0NDB4MTgwMC5zZHIuZjc1NzYxLmRlZmF1bHRfaW1hZ2UifQ&_nc_ht=scontent-lhr8-1.cdninstagram.com&_nc_cat=107&_nc_oc=Q6cZ2QHcPcWTyq1RckbZgjACJWpR-t0aKEVoqvojZUc_RYJavnZecJZzUMMLj3_E3BAYbS8&_nc_ohc=Aoc-FoVMByMQ7kNvwGFeMLG&_nc_gid=NyGwFZTIoxAop9k5-1q6LQ&edm=ABmJApABAAAA&ccb=7-5&ig_cache_key=MzU4NzU2NTkxMzA3NDkxNDExMQ%3D%3D.3-ccb7-5&oh=00_AfHs1WWq7mlWFRD-NIu2BEPBGBvBwRsssevynVZjqp4Sjg&oe=67FED721&_nc_sid=b41fef,5563,8028,0,22,174,3.13,21,0,0,0,0,0,https://raw.githubusercontent.com/ashraf-KSU/instagram-thumbnails/main/thumbnails/484052428_17939649818990047_6398557854501164666_n.jpg
3587440130579768203_1302815857,Carousel,2025-03-13,How would you describe Summer Ball in 3 words? üëÄüéâü§©üíô31st May ...,57,0,https://scontent-lhr6-1.cdninstagram.com/v/t51.2885-15/482957456_18491105389031858_2610160268313293200_n.jpg?stp=dst-jpg_e15_p360x360_tt6&efg=eyJ2ZW5jb2RlX3RhZyI6IkNMSVBTLmltYWdlX3VybGdlbi4xMTc4eDIwOTYuc2RyLmY3NTc2MS5kZWZhdWx0X2NvdmVyX2ZyYW1lIn0&_nc_ht=scontent-lhr6-1.cdninstagram.com&_nc_cat=102&_nc_oc=Q6cZ2QHcPcWTyq1RckbZgjACJWpR-t0aKEVoqvojZUc_RYJavnZecJZzUMMLj3_E3BAYbS8&_nc_ohc=aQl1lKAymv8Q7kNvwFWToRW&_nc_gid=NyGwFZTIoxAop9k5-1q6LQ&edm=ABmJApABAAAA&ccb=7-5&ig_cache_key=MzU4NzQ0MDEzMDU3OTc2ODIwMzE4NDkxMTA1MzgzMDMxODU4.3-ccb7-5&oh=00_AfErZjqRYUbsMWyagGvYBui3VHAkYiemsgFdKJGOD1J-8A&oe=67FECC41&_nc_sid=b41fef,2859,3659,0,3,60,2.1,13,0,0,0,0,0,https://raw.githubusercontent.com/ashraf-KSU/instagram-thumbnails/main/thumbnails/482957456_18491105389031858_2610160268313293200_n.jpg
3587425234534403451_8389046195,Post,2025-03-13,@ukcmensrfc presents Six Nations Fanzone at The Venue THIS S...,34,0,https://scontent-lhr6-2.cdninstagram.com/v/t51.2885-15/483985577_18262896778278196_2789472931410941502_n.jpg?se=7&stp=dst-jpg_e35_tt6&efg=eyJ2ZW5jb2RlX3RhZyI6IkZFRUQuaW1hZ2VfdXJsZ2VuLjEwMjR4MTAyNC5zZHIuZjc1NzYxLmRlZmF1bHRfaW1hZ2UifQ&_nc_ht=scontent-lhr6-2.cdninstagram.com&_nc_cat=104&_nc_oc=Q6cZ2QHcPcWTyq1RckbZgjACJWpR-t0aKEVoqvojZUc_RYJavnZecJZzUMMLj3_E3BAYbS8&_nc_ohc=qEYhdOR6BHIQ7kNvwEp85pH&_nc_gid=NyGwFZTIoxAop9k5-1q6LQ&edm=ABmJApABAAAA&ccb=7-5&ig_cache_key=MzU4NzQyNTIzNDUzNDQwMzQ1MQ%3D%3D.3-ccb7-5&oh=00_AfGHq0hAcEg2GGpWQ97esL6EoJ3NJ-cm94feYDwHSmiscg&oe=67FED0CE&_nc_sid=b41fef,2178,3114,0,1,35,1.61,12,0,0,0,0,0,https://raw.githubusercontent.com/ashraf-KSU/instagram-thumbnails/main/thumbnails/483985577_18262896778278196_2789472931410941502_n.jpg
3586851457429742810_8389046195,Post,2025-03-12,Join @kentspokenword THIS FRIDAY for an evening of poetry ce...,13,1,https://scontent-lhr6-2.cdninstagram.com/v/t51.2885-15/483916844_18262896679278196_6416947321317792023_n.jpg?se=7&stp=dst-jpg_e35_tt6&efg=eyJ2ZW5jb2RlX3RhZyI6IkZFRUQuaW1hZ2VfdXJsZ2VuLjEwMjR4MTAyNC5zZHIuZjc1NzYxLmRlZmF1bHRfaW1hZ2UifQ&_nc_ht=scontent-lhr6-2.cdninstagram.com&_nc_cat=104&_nc_oc=Q6cZ2QHcPcWTyq1RckbZgjACJWpR-t0aKEVoqvojZUc_RYJavnZecJZzUMMLj3_E3BAYbS8&_nc_ohc=2-PsOJN-aXIQ7kNvwFOtEFW&_nc_gid=NyGwFZTIoxAop9k5-1q6LQ&edm=ABmJApABAAAA&ccb=7-5&ig_cache_key=MzU4Njg1MTQ1NzQyOTc0MjgxMA%3D%3D.3-ccb7-5&oh=00_AfHJuQ1bwgS3zoODaYgRpvZLbxzMrBdNFxqTO3-wesXSkA&oe=67FEE3B6&_nc_sid=b41fef,967,1012,0,0,14,1.45,2,0,0,0,0,0,https://raw.githubusercontent.com/ashraf-KSU/instagram-thumbnails/main/thumbnails/483916844_18262896679278196_6416947321317792023_n.jpg
3586126685616169826_8389046195,Post,2025-03-12,"Anyone fancy a Rubicon? Only ¬£4 pint cocktails üòç

Get your R...",54,0,https://scontent-lhr6-2.cdninstagram.com/v/t51.2885-15/483971362_18262763971278196_4328080506700410709_n.jpg?stp=dst-jpg_e35_tt6&efg=eyJ2ZW5jb2RlX3RhZyI6IkZFRUQuaW1hZ2VfdXJsZ2VuLjc0NHg5MzAuc2RyLmY3NTc2MS5kZWZhdWx0X2ltYWdlIn0&_nc_ht=scontent-lhr6-2.cdninstagram.com&_nc_cat=104&_nc_oc=Q6cZ2QHcPcWTyq1RckbZgjACJWpR-t0aKEVoqvojZUc_RYJavnZecJZzUMMLj3_E3BAYbS8&_nc_ohc=UFkSKwqt0Y4Q7kNvwED8tFO&_nc_gid=NyGwFZTIoxAop9k5-1q6LQ&edm=ABmJApABAAAA&ccb=7-5&ig_cache_key=MzU4NjEyNjY4NTYxNjE2OTgyNg%3D%3D.3-ccb7-5&oh=00_AfEkHrtk2yZalMFcpn6H90ju3pHuwhGnpbCWv3o--OqmNg&oe=67FEC92A&_nc_sid=b41fef,2319,4382,0,0,54,2.33,36,0,0,0,0,0,https://raw.githubusercontent.com/ashraf-KSU/instagram-thumbnails/main/thumbnails/483971362_18262763971278196_4328080506700410709_n.jpg
3586692227984880482_8389046195,Post,2025-03-12,TOMORROW NIGHT! Women‚Äôs Network presents Girls Gone Wild - a...,79,0,https://scontent-lhr6-2.cdninstagram.com/v/t51.2885-15/484000567_18262896373278196_4343550509521081413_n.jpg?se=7&stp=dst-jpg_e35_tt6&efg=eyJ2ZW5jb2RlX3RhZyI6IkZFRUQuaW1hZ2VfdXJsZ2VuLjEwMjR4MTAyNC5zZHIuZjc1NzYxLmRlZmF1bHRfaW1hZ2UifQ&_nc_ht=scontent-lhr6-2.cdninstagram.com&_nc_cat=104&_nc_oc=Q6cZ2QHcPcWTyq1RckbZgjACJWpR-t0aKEVoqvojZUc_RYJavnZecJZzUMMLj3_E3BAYbS8&_nc_ohc=HtO4xsHszfQQ7kNvwEPn_0j&_nc_gid=NyGwFZTIoxAop9k5-1q6LQ&edm=ABmJApABAAAA&ccb=7-5&ig_cache_key=MzU4NjY5MjIyNzk4NDg4MDQ4Mg%3D%3D.3-ccb7-5&oh=00_AfEj6BXCaSBzDEWdq3OOVNTbJtCxg837LEKMvZYkUkVQ9w&oe=67FEE721&_nc_sid=b41fef,3624,5204,0,10,89,2.46,15,0,0,0,0,0,https://raw.githubusercontent.com/ashraf-KSU/instagram-thumbnails/main/thumbnails/484000567_18262896373278196_4343550509521081413_n.jpg
